id,demanda
0,1.3909547511602471
1,1.1424784501981184
2,1.1680918961055218
3,1.3437959647161537
4,1.244403689799308
5,0.9116961766860439
6,0.7175858184193837
7,1.3787808007987525
8,1.2796396646377115
9,1.0567577738721847
10,1.114093153389859
11,1.0836913466914955
12,1.148452831517568
13,0.5879338766437436
14,1.4308997073457959
15,0.9660434721095434
16,1.2678441861694343
17,1.2395661943190852
18,1.3507278723797937
19,1.2900125380272178
20,1.1844350639167998
21,2.069859262965468
22,1.9223270450724217
23,1.2660089844308247
24,1.4223365968709252
25,1.0541574508311715
26,0.5795870063275055
27,0.6047230888123631
28,2.024599291889027
29,2.7497290709768683
30,2.6607072336767295
31,2.9782089684844237
32,2.778862453070699
33,2.141689802788826
34,2.51146141574979
35,1.5169420516847492
36,2.6488331720828686
37,2.4234050048241236
38,2.468416113999856
39,1.9550024728975228
40,1.8267408841989812
41,2.297105401556801
42,0.9816448117185244
43,2.211068435820748
44,1.5422775295940827
45,1.981599938627227
46,1.681106339847163
47,1.7654101152752335
48,2.845903109309181
49,1.8336357477049248
50,2.8914887048233155
51,2.8810149707570822
52,2.0101987341732395
53,2.472576692571948
54,2.7323781906407665
55,1.9430752920008207
56,0.8039032029283804
57,1.1697527061399242
58,1.3101320365539562
59,1.2239144078906659
60,1.2076010086997955
61,1.55434705542108
62,1.4112261323582023
63,0.9451355258553573
64,1.5803961909381719
65,1.4093298971160007
66,1.2543599690739717
67,1.5368854875191968
68,1.554541537439981
69,1.27038025362791
70,0.7450437181463403
71,1.5952017484237775
72,1.2120668005797364
73,1.4957332856117762
74,1.7458851746585247
75,1.7048839249793817
76,1.4978382767962013
77,1.0758710909810645
78,1.5963761325290196
79,1.5151764058064172
80,1.2263439121599458
81,1.2701837184963995
82,0.9464201773074159
83,2.186460740234543
84,2.2466578748292982
85,0.40045391464889507
86,0.6872929004247865
87,0.5339947301248078
88,0.4303999359305898
89,0.37429784197135957
90,0.45183827047403413
91,0.5549321658680739
92,0.3741343882069
93,0.6079715674028763
94,0.4928286822768103
95,0.26632373722064506
96,0.21021173223046458
97,0.4532945086186251
98,0.7676429072360127
99,0.36431199788136664
100,0.6601863163217108
101,0.36339508090389866
102,0.4624938291239281
103,0.3920375559100435
104,0.7851833672559937
105,1.021595869714665
106,0.6215436512459782
107,0.47201901294384474
108,0.24629012528220404
109,0.5029555186860564
110,0.6340767771932507
111,0.33456604917540583
112,1.357990649202569
113,1.5192181193941146
114,1.7268751732899634
115,1.6012538862552668
116,1.5135080264119884
117,1.7933214264756319
118,1.7623774337055136
119,1.3361596921304075
120,0.9276130630645241
121,2.199596199749232
122,2.0347135780551255
123,1.632522915108202
124,1.7279967648289687
125,1.6413877322501857
126,1.436350127168696
127,0.8175821846100517
128,2.0707448551311534
129,1.6328023357172894
130,1.7136408290202056
131,1.888930531070999
132,1.8581142810680848
133,1.7271870107328366
134,2.8608203043031786
135,2.685804480360288
136,1.750791796184318
137,1.978244977704585
138,1.5210093107335498
139,2.249860161697471
140,2.148466913514799
141,0.5141245163817927
142,0.636393376002965
143,0.5040867920466157
144,0.40975737868039525
145,0.39079985040777343
146,0.4959572396822886
147,0.7205200976721591
148,0.46912118352251797
149,0.631865508915904
150,0.5386084987502162
151,0.30550585463775787
152,0.26705311686273264
153,0.46959305300852344
154,0.7455436612421737
155,0.32759986073631564
156,0.5962519339252892
157,0.38099739118779286
158,0.4069276347238068
159,0.40947399219813924
160,0.6875439614734756
161,1.0589740662664988
162,0.5646672234848393
163,0.8956979256198903
164,1.126494039440892
165,0.8505517560824774
166,0.8110463829331696
167,4.350536369949135
168,4.923312405328775
169,4.557066626023556
170,5.166155760855069
171,5.041133401459611
172,3.472790276592887
173,2.723656171021322
174,4.812352196251241
175,4.976469058982546
176,4.133402425055365
177,4.407438806288615
178,4.534758316260677
179,3.732864187197934
180,2.29799751238865
181,4.352695973920373
182,4.065012252047775
183,4.351385607118379
184,4.720170504680139
185,4.7398395760439165
186,4.539104971194834
187,3.61897111286081
188,5.600752202173609
189,6.017159459267308
190,4.0604651243596335
191,4.482757033521421
192,3.1718164452044126
193,3.4208978079434855
194,3.5905124816794203
195,1.8299248436632247
196,3.25819033396003
197,3.356501388550358
198,2.718804225415144
199,2.8534366988453197
200,2.9984545801715323
201,3.3920425741555933
202,1.9633767181580515
203,3.317821605958491
204,3.0497485532270048
205,2.177031550802206
206,2.109039205644186
207,2.420655687871876
208,3.021416026126535
209,1.4630275523989007
210,2.9851063753982476
211,2.4115421383655824
212,2.3976638960281624
213,2.456346498798474
214,2.4016708005915106
215,3.76554473719018
216,3.1742508624691266
217,3.0893637430639957
218,1.9572628896333613
219,2.6599334027709847
220,3.022788362193137
221,1.788681742582503
222,1.8010753781181217
223,2.1757177997146364
224,22.59993203218028
225,20.712786419001098
226,21.14745761450569
227,23.12990339231445
228,19.78258369767292
229,15.97488263804798
230,9.921236389417821
231,22.392056791013594
232,19.161024119802576
233,19.43320857769397
234,20.377291882701936
235,18.965673707849426
236,17.919343064369254
237,9.233683679456618
238,22.104377885743503
239,18.03214503255422
240,20.70404983899065
241,21.58522829878241
242,20.362698209037372
243,23.60258857212928
244,13.510590175097272
245,28.42712188688791
246,22.771005456242573
247,19.407642990427284
248,19.1219178705943
249,16.987501319007993
250,14.69096664716176
251,12.863863378190972
252,9.3124891012084
253,13.292906749311811
254,12.704109869474545
255,11.034163672987923
256,13.095826411543733
257,14.530317702651654
258,14.787712386774718
259,8.700688295051556
260,12.221273145687418
261,11.004949310200457
262,8.747290486622703
263,10.176653960567345
264,12.645310531271885
265,13.742836803941577
266,8.04847694873568
267,12.533787723756802
268,11.003136451688793
269,10.540175099554256
270,12.605480792740808
271,13.536945126534674
272,17.528749038889146
273,10.888785235364217
274,13.400076668767731
275,11.179763222013616
276,13.622142294156463
277,13.63535394930662
278,7.357315335753169
279,10.052397323847334
280,10.208586245443886
281,13.485201114942955
282,11.848928436632518
283,13.51750351459828
284,15.575796447585628
285,13.978414656766589
286,10.750493274457439
287,6.910441268590929
288,12.200708441067606
289,10.649782274002167
290,11.614587573323707
291,12.799547715652462
292,11.935468295728104
293,11.58753853805123
294,6.287137476940186
295,12.888341857693863
296,10.447402410639075
297,12.345436020196319
298,14.403291213706284
299,11.713657486915514
300,13.024547717617558
301,7.796258472801114
302,13.044096810506149
303,10.721694839973523
304,12.082097820233155
305,12.603078101646451
306,11.491871804077993
307,10.563052148461223
308,8.420641471828771
309,6.669144434985815
310,12.777419402083359
311,11.188041020984365
312,10.351222778577997
313,11.117666490451613
314,11.89467066778137
315,12.107278607686132
316,6.016848883597527
317,11.854374517347836
318,9.339135071722055
319,7.812182387452877
320,7.87489770145104
321,9.509834218126244
322,10.912033028714681
323,4.65741639019221
324,12.08807937308734
325,9.379641837961003
326,9.550162276292847
327,9.748765880218086
328,9.843198471239583
329,12.721619326586882
330,5.440392279577989
331,10.602968243856001
332,8.502479268516682
333,10.931877817795238
334,11.35863376479611
335,4.864045792768458
336,6.860737989105461
337,6.439088338925523
338,4.2099371254046805
339,4.846496029278878
340,4.478930142618593
341,4.745828213826379
342,5.036282359443233
343,3.8262894151329787
344,2.8766911579722274
345,4.492632279852822
346,4.686272930678593
347,3.980255041289185
348,4.046615944401355
349,4.316810511925505
350,3.8650591319738217
351,2.473730698808759
352,3.8615173698914127
353,4.080406014787616
354,4.106496579493482
355,4.393550144593141
356,4.558329140276325
357,5.025558960650098
358,3.8828622020497385
359,5.0182506460794025
360,5.534992563795656
361,3.860263828637108
362,4.610916930253235
363,3.8509624422834916
364,2.9662482137113915
365,2.5242874506287
366,1.421267307799758
367,2.226938613192089
368,2.1557430243885736
369,1.9109749749494958
370,2.2654279065655887
371,2.505468576080628
372,2.6898848149010726
373,1.7308744062331973
374,2.3610467490370364
375,2.2444093945935357
376,1.7286264244060692
377,1.7362431602619517
378,2.02797150992386
379,2.4385789005374723
380,1.5018892253928122
381,2.067152725020823
382,1.8899721944765333
383,1.765419675937183
384,2.0189078418188853
385,2.1116590772947754
386,2.9754475648677015
387,1.806764453798487
388,2.3676933719393314
389,2.6352512030275066
390,1.7607185860431809
391,1.070618251886371
392,1.0886817692158717
393,0.3928898267757038
394,0.37328051141395446
395,0.4880349587153329
396,0.5318087141445984
397,0.5985802178358504
398,0.4899246103484809
399,0.4283151267641833
400,0.3574362795157724
401,0.3640246959313057
402,0.4053558466847261
403,0.49700849579127815
404,0.5343178298687674
405,0.5940935499233673
406,0.33028539472427093
407,0.40281042543828205
408,0.32223021359281717
409,0.46331513943024616
410,0.5647380326711873
411,0.6252055191052401
412,0.6806206402157016
413,0.6272057858832562
414,0.6217501233772712
415,0.6883449597544502
416,0.5794136390916891
417,0.7405356006974533
418,0.6425422498608311
419,0.3533746809151569
420,0.2832715761625519
421,0.372019534440363
422,0.31435927662442825
423,0.2915842861088967
424,0.3384787580677278
425,0.3341749239874253
426,0.4325753198510157
427,0.6089897730700295
428,0.42539571448660385
429,0.2826516393892581
430,0.2742052943343182
431,0.2545913555608553
432,0.2813602336341979
433,0.39260294709213184
434,0.6196331879191352
435,0.33307135549525374
436,0.3507397038934712
437,0.26615118093553514
438,0.3578722787632969
439,0.4067762807929133
440,0.5186161075996185
441,0.7864583829199376
442,0.5500115299271469
443,0.405521849142721
444,0.5480477984100409
445,0.7224265763921749
446,0.5839265933530948
447,0.005407129617464297
448,0.055007800172310925
449,2.690916845347961
450,2.489514389696305
451,2.386117069278883
452,2.3681578230452454
453,2.3013924015179925
454,1.707522259031225
455,0.9485560597882494
456,2.5957684992042065
457,2.4380664267811056
458,2.108688297211061
459,1.897026784771775
460,1.791680638394431
461,1.4799888497660314
462,0.6644878031450161
463,2.090616885445708
464,1.8086431190978263
465,1.9399404562171434
466,1.9104752707584716
467,1.6543418097534293
468,1.7805213510735665
469,0.9796055582956357
470,2.6214235305791873
471,2.5520285899661994
472,1.6290717079033428
473,1.7835668329484986
474,1.497708810875785
475,2.2100830667960065
476,2.047516145952222
477,1.25432787476266
478,2.377147756424522
479,2.17311072432305
480,2.0174547297968415
481,2.06528758636638
482,2.3831894277752457
483,2.555295679251649
484,1.462025378450864
485,2.4341894944726414
486,2.1783915853606928
487,1.7346944803444653
488,1.584576025697427
489,1.7427440672165044
490,2.1026688853291975
491,1.0867713082073815
492,2.099860116381418
493,1.7183397094769188
494,1.642898496212379
495,1.6406217680528203
496,1.7469348174093033
497,2.479799456815603
498,1.4581426838772098
499,1.9509077299303859
500,1.3951246015770624
501,1.9392649600597016
502,2.317825679258399
503,1.420327456175368
504,1.7078600089176907
505,1.8571451247819644
506,20.739699241796924
507,21.8483949071575
508,21.017962204841705
509,21.45776653904566
510,19.29666572694664
511,16.05357547337333
512,9.327453492674989
513,21.919786858560084
514,19.94463611288643
515,19.38683873853069
516,19.782910506429733
517,18.543562878484032
518,16.755509939587608
519,8.618823001310108
520,19.69252843585241
521,17.370752390398575
522,18.40968949956114
523,19.047429516669556
524,17.82075829696148
525,21.813270621941275
526,12.532500653835182
527,24.599089625942273
528,21.923818900412545
529,17.524097524723572
530,19.309230369204386
531,17.44758136830464
532,20.05413431198427
533,16.422535315193965
534,7.164980454477625
535,12.437648527629799
536,12.035514547177845
537,11.221667363465563
538,11.971765172955202
539,12.937839246807727
540,13.388381404957329
541,6.571693360028598
542,12.318408023759881
543,10.671105711296212
544,9.39345501247593
545,9.689969822851397
546,11.085336705397504
547,12.049974377559392
548,5.801865398560728
549,11.519056662163836
550,9.332510811503388
551,9.399262864745486
552,10.090413917139854
553,9.924969965685912
554,14.247977904318166
555,7.805433976366865
556,12.315271464796064
557,10.1700740877298
558,12.824570448047991
559,13.402203496336805
560,6.9742996151882934
561,12.80573279973608
562,13.332518319755076
563,0.4191048094035199
564,0.4211400675084017
565,0.5795295605368841
566,0.6464409287705781
567,0.7495700095608397
568,0.7736426208830938
569,0.9315273270556343
570,0.5433545671961937
571,13.310046098571407
572,14.483905347114716
573,13.198911471896997
574,15.312993328578884
575,14.502926065620661
576,11.241071182691396
577,7.896795449113746
578,14.262450127904273
579,14.020790837438039
580,12.29897563956382
581,14.28364434043525
582,14.436434550500056
583,11.796548070472516
584,7.374342710718148
585,13.548672289042038
586,12.835838189426198
587,12.590883814168778
588,14.90287376899982
589,14.346809414926671
590,15.94169479988175
591,11.268210258630338
592,17.61989672287462
593,17.150420253282345
594,12.82805630111697
595,13.415749307255354
596,10.989038325728986
597,3.9300124652841575
598,3.59467863268119
599,5.4911121497340805
600,7.3530740824151
601,8.398237971840627
602,7.413285452777265
603,9.721710490120115
604,10.167694572418021
605,10.602210646564695
606,5.993892283789579
607,7.735294417901198
608,7.596901628900984
609,6.4093790278388765
610,8.335482766695657
611,8.935947788720814
612,9.571296302878569
613,4.653833893821898
614,6.893429563612365
615,6.901114249461427
616,6.700516582846949
617,9.091620235039159
618,9.373972381317031
619,12.835568736674293
620,6.696041064588397
621,8.178628844468188
622,8.399754475767837
623,9.183403880680633
624,9.994798207931197
625,10.98227615814763
626,5.53398645588455
627,2.9855256218793387
628,3.5367038781607354
629,10.364559913763571
630,11.653623322328542
631,10.760535578421624
632,11.991592612280176
633,11.724219167435491
634,8.90203708536604
635,6.598270652341466
636,10.974809058472296
637,11.02613712221699
638,9.628895138689828
639,11.356694141212143
640,11.517000026376957
641,9.276058040368195
642,5.781815077516792
643,10.16629321568653
644,10.051947732008024
645,9.898385753707505
646,11.957221658113964
647,11.087367857800492
648,12.776271731838188
649,9.123845053861203
650,13.156386447265113
651,13.852448709293283
652,11.540591613137822
653,11.319817885898662
654,9.809187755811633
655,8.953175101731459
656,7.759843568334928
657,4.213508253190454
658,5.680935884232587
659,6.648945942560496
660,6.209366627202676
661,6.8205485796207315
662,6.852662063609282
663,7.389634425390232
664,4.723041863628433
665,6.031732631685932
666,5.853874428473794
667,5.343707121538634
668,5.772352046903654
669,5.9217691360824825
670,6.650339100370332
671,3.5458287479522594
672,4.940047153595691
673,5.099928036614523
674,5.527622005529934
675,6.384273380635549
676,6.135327520873186
677,8.46076129170677
678,4.890120423644674
679,5.774055268884904
680,6.5177320412227475
681,5.992487280447759
682,6.381135150745673
683,6.929620394189979
684,4.1258664108106595
685,3.310495585116727
686,3.7104499421047246
687,4.508542421234663
688,5.552067149742044
689,5.32757878486004
690,5.486450187366949
691,5.056361709412349
692,3.712526788808784
693,2.747696124230008
694,4.670920647621112
695,5.278956021393328
696,5.017373826229002
697,5.507502278506985
698,5.310392688203383
699,4.1562601949359665
700,2.3106753160386044
701,4.251608886486331
702,4.854513850492391
703,5.461638381800791
704,5.860451604318689
705,5.515907178871389
706,5.588276365931033
707,3.70814667135787
708,5.407338174870391
709,6.566671396747966
710,5.453053028300616
711,5.661632134024872
712,4.208940232346104
713,3.489496490650539
714,3.137798801989468
715,1.0714736449685494
716,1.9135244189832985
717,2.051920048162291
718,2.053422031476921
719,2.313647462502769
720,2.0625982891201744
721,1.8743227196503374
722,1.157940034131272
723,1.7675730560885397
724,1.8325823507345609
725,1.6737530406464236
726,2.0197664635903996
727,2.1131846295144427
728,2.369587559810285
729,1.3065060059766878
730,2.041004618227194
731,2.1066239489172864
732,2.2448152273411806
733,2.53019742354103
734,2.2236917008497286
735,2.897109583535319
736,1.6498415761899756
737,2.3110761391851518
738,2.500318659557668
739,2.3850120997934057
740,2.386517022707013
741,2.6486700751043966
742,1.6405833881187384
743,1.7864978877387543
744,1.8912488020710279
745,3.0840712250910354
746,3.67705072642286
747,3.609745519872609
748,3.677045087443857
749,3.54655416255435
750,2.745606864256983
751,1.8519528963952898
752,3.564871657433377
753,3.8772552130797626
754,3.8098308613340617
755,3.4925119713445225
756,3.3626804923860503
757,2.5181959529693403
758,1.2475256559542007
759,2.806615559140139
760,2.9281523375744483
761,3.361897328410571
762,3.348140674898518
763,3.3837544499446195
764,3.6925810382368094
765,2.3499833315793346
766,3.9099568062475147
767,4.449057284430337
768,2.8632623909669594
769,3.3277435256654115
770,2.3163320752375665
771,1.9316799584267916
772,1.9528830663872956
773,1.1848675238059192
774,1.7076363430453774
775,1.7512317032866602
776,1.7533091912206862
777,1.7413861177593883
778,1.6842690971847265
779,2.0428000872776177
780,1.4694529287007225
781,1.897680641856451
782,1.9150249950854206
783,1.6948800404440467
784,1.881758798002655
785,1.8425367833053872
786,2.346451891287178
787,1.4632067045018058
788,2.0089224863565294
789,1.9319672775666268
790,2.042311997326891
791,2.043055544022299
792,1.9713965652002254
793,2.7211787042615394
794,1.7956314047024677
795,2.0680843011873096
796,2.097914377727063
797,1.7070213703382398
798,2.103163510671967
799,2.5439949166411284
800,1.8349028022804799
801,1.0465270553534984
802,1.0994478723699257
803,0.9283868349928674
804,0.9746308185091408
805,0.8812916729638853
806,0.8108660825667882
807,0.7601907751296904
808,0.6848432486063774
809,0.669004649227841
810,0.9373790241536999
811,1.0311592666506755
812,0.8358382469535066
813,0.9562075290187317
814,0.843633812953448
815,0.8840348665528523
816,0.6238986903799224
817,0.9065855664085496
818,0.9068421709980852
819,0.8372383264152863
820,0.8363840152081741
821,0.8396440466341473
822,1.0073888983210093
823,1.0042964415126705
824,1.1126608749893336
825,1.2118206839576426
826,1.0459879200823772
827,0.9846753207547558
828,0.7836108877126577
829,0.6534652445141271
830,0.4775080878574664
831,0.5086297394645869
832,0.4871051243219545
833,0.41290575331076607
834,0.3536214468948344
835,0.3507172879924868
836,0.5202663279038728
837,0.39017506952624204
838,0.38324459366441954
839,0.4211190821301963
840,0.33449944977314394
841,0.4215192135925136
842,0.43945089842928037
843,0.6704220907321614
844,0.42412234431770746
845,0.48400502415170443
846,0.4504459937443728
847,0.4168110764221307
848,0.42510441373322244
849,0.4404659784169537
850,0.7354131932054274
851,0.47629239597852613
852,0.49532100853125005
853,0.4014249520429494
854,0.5660641434916114
855,0.7479634058258304
856,0.74601312077312
857,0.2516479671860321
858,0.29850266059495373
859,43.96742815009652
860,47.19698434112849
861,49.87573717869487
862,45.651679168451196
863,45.54893162555386
864,41.986203774515154
865,60.31766569564248
866,8.473887010856375
867,16.11324176279384
868,20.036495399008018
869,23.033609857675874
870,20.773747747187503
871,23.600234739821918
872,23.29092601219102
873,10.49582694044201
874,24.892854539361448
875,27.729724247301384
876,30.135466699468115
877,25.151537227560578
878,26.33199512219289
879,26.671985432311786
880,8.740055747372171
881,24.2814372564401
882,25.714529792588642
883,23.495481367274447
884,26.867639103556066
885,23.43158424909228
886,37.279318778920114
887,11.88242674567088
888,32.78674023610011
889,36.85213917053739
890,28.7285064033781
891,30.7376611403621
892,32.756750435597006
893,10.648942611511679
894,12.685825791698106
895,15.252007479376974
896,9.718536019580041
897,8.272135901300386
898,7.763285313138768
899,8.035864313562103
900,8.62407194871969
901,8.744217608390272
902,8.319723639997417
903,11.444787801077213
904,11.92438310830828
905,14.3932103509941
906,15.32419216073502
907,12.848935898065756
908,12.91236463168545
909,6.912582525840038
910,11.783673867266765
911,9.750141323734367
912,10.32962512639873
913,7.394600744439065
914,7.05734020807508
915,10.056181370555189
916,8.20708775405132
917,12.993741812154518
918,13.202589201735826
919,15.102935510977026
920,14.707627073676012
921,1.1588666067904994
922,0.9356370875655875
923,35.57017434986268
924,72.29131126191957
925,57.22198813264083
926,45.251453935920196
927,42.928296042960895
928,36.75157300528289
929,54.792045323355005
930,44.01645483550711
931,59.95976946999588
932,61.056881619757974
933,60.11248821580222
934,52.48578322471815
935,51.58824509164329
936,63.848095129827925
937,24.926103977272202
938,64.1308941109217
939,44.57448122229166
940,41.87965525792377
941,57.418840713240606
942,51.08331907842597
943,72.5988981462723
944,34.48431354066543
945,54.35715993994337
946,51.282472344574266
947,75.22760126667885
948,67.18766965649353
949,32.46320447119636
950,3.721335326542837
951,2.8519768522840754
952,3.5233554684899007
953,3.459316707150167
954,3.1970969539028182
955,4.824869837518836
956,5.247988250088619
957,3.774161638900222
958,3.002163963697181
959,3.422945231150104
960,3.2097644894123523
961,4.319832095411105
962,4.843890912560613
963,4.0929924199223535
964,3.005153671843285
965,3.281993253858843
966,3.3830930610471035
967,4.120726637915327
968,24.954625771971187
969,23.06324795385802
970,22.55071458759217
971,26.051520836655726
972,31.679064277206628
973,38.65378271122879
974,40.947758179993514
975,21.07090560549058
976,17.650381108557067
977,18.5304851978231
978,20.866443338666958
979,25.107807344793077
980,23.786125486757943
981,28.464473225412288
982,16.46777360985082
983,32.4828528376701
984,30.941844303792053
985,34.38526878004585
986,33.37962126450918
987,29.396852587379463
988,48.073249331019085
989,51.52815108958917
990,36.93717077153312
991,2.487611860745109
992,2.275986012514206
993,1.9802309878896214
994,1.9791578184134182
995,1.8311007633151837
996,1.4007136496160086
997,0.9482931929872365
998,2.2618402396774457
999,1.9245675685492665
1000,1.544405298189326
1001,1.673035322808484
1002,1.4598723588776
1003,1.2077294885637695
1004,0.6602223672903631
1005,2.056170013217583
1006,1.744454279132777
1007,1.5812522468439651
1008,1.6502560085309768
1009,1.4452286811094504
1010,1.5965723670276453
1011,2.415632017632237
1012,2.324108308764382
1013,1.356406780881485
1014,1.3936666259713384
1015,1.2591068226410993
1016,1.4650772932155904
1017,1.3035554857425247
1018,1.4704248552250814
1019,2.814046780054406
1020,2.538253634396467
1021,2.237978778035206
1022,2.414468529527921
1023,2.4446890249829965
1024,2.4953586097295086
1025,1.5254738797644496
1026,2.4727141537009336
1027,2.0890762122297897
1028,1.7160361550467265
1029,1.90603093462768
1030,1.9594688313444002
1031,2.1361006379558494
1032,1.1887562556977649
1033,2.4072645009014266
1034,2.1627723985959078
1035,1.9229501686095558
1036,2.1167686334864935
1037,2.0200777226956523
1038,2.7255607807667643
1039,2.7328934497427846
1040,1.9431478661727977
1041,2.1683133683816416
1042,2.509502314992505
1043,1.7553992454670952
1044,0.9516591870171502
1045,0.91099456907423
1046,4.093047546341291
1047,4.6800115083687475
1048,3.861935093208836
1049,4.377781907449698
1050,4.19650643543441
1051,3.4028549001595128
1052,2.4629470964498297
1053,3.834615997910843
1054,4.218780390645617
1055,3.361850862090556
1056,4.07149388757743
1057,3.8430859874865693
1058,3.474947969336519
1059,1.950279339571555
1060,3.5137154137190736
1061,3.8321483922727184
1062,3.5250758290594386
1063,4.321629676606226
1064,4.077041309889715
1065,4.415037532288259
1066,2.9651918418162606
1067,3.978176146300997
1068,4.545704436445957
1069,3.1098592606644537
1070,3.5935360935021254
1071,3.1600283597032846
1072,1.7916432631054868
1073,1.584302989234045
1074,1.786677059819394
1075,2.916148773784475
1076,2.9255751165075905
1077,2.6178038289079497
1078,2.8862269285431217
1079,2.947583618486522
1080,3.190143127988441
1081,1.9486092184256627
1082,2.8573151311308917
1083,2.677344225565288
1084,2.2235929034951236
1085,2.4915842940579407
1086,2.57282451557354
1087,2.8177214647483186
1088,1.5654811111363154
1089,2.6973738688627606
1090,2.623193634217474
1091,2.458172664377788
1092,2.7168515505673936
1093,2.6772667303167363
1094,3.5831952317467093
1095,2.091075753552835
1096,2.8725334686429806
1097,2.976078839966945
1098,2.099180789016225
1099,2.628022462950006
1100,2.7916151591559473
1101,2.011414786787803
1102,0.7766821942641675
1103,0.7084254661758993
1104,1.7226036556037085
1105,1.678516419129433
1106,1.1159375628727677
1107,1.0290742020676
1108,0.9067546262867034
1109,1.0479036156920039
1110,1.0866448897085355
1111,1.1132221148222394
1112,1.9421381370207556
1113,1.981305193384213
1114,0.783818197784595
1115,1.175063809200135
1116,2.7352721055307927
1117,2.7245247793900162
1118,2.5777214137256546
1119,4.327621772005219
1120,4.281285238836988
1121,3.2930110328036726
1122,2.0803297582554365
1123,2.418495733389825
1124,2.5866833270319383
1125,2.3939659612682553
1126,3.7905900228634577
1127,3.7994261491411194
1128,3.6714835950255216
1129,2.003711312456739
1130,2.5430246833736128
1131,2.8298137687328486
1132,2.7679214148669478
1133,3.9987805117282447
1134,4.29596601610886
1135,4.855439407007297
1136,2.530792334893001
1137,3.7369205513540473
1138,2.9035518994019256
1139,1.7747849220872007
1140,1.6450566683025079
1141,3.9987568031831335
1142,7.461006111244332
1143,5.447408726033137
1144,7.984222745102732
1145,7.719752870604033
1146,6.989213853278872
1147,4.006530538340423
1148,8.314686286283731
1149,6.949892176562615
1150,7.327073718606446
1151,9.829632021236014
1152,8.317697728064326
1153,8.667103589026622
1154,4.38926801889375
1155,8.137792410202088
1156,5.964675176658903
1157,6.2784185940548
1158,5.932796531066522
1159,4.821412979621232
1160,6.197245614524527
1161,4.335255708502379
1162,9.916196392977007
1163,9.055272894406714
1164,8.652254496586218
1165,5.096856422140385
1166,1.3905557653199545
1167,0.8918190609162959
1168,2.317673198358794
1169,2.044432137708217
1170,2.3856245979150685
1171,2.4602301716493162
1172,2.0000501513984155
1173,1.2687532623290667
1174,2.7000779110368294
1175,2.5175702208216766
1176,2.152653143970245
1177,2.2982146612375076
1178,2.1412173250395337
1179,1.8344497747053334
1180,0.8942333239998326
1181,2.3817621905311954
1182,2.2534377393334637
1183,2.2370019333385436
1184,2.254582754324565
1185,2.0610586471913663
1186,2.2123421384180832
1187,1.4212932212577072
1188,2.5254784113651225
1189,2.6316426822349497
1190,1.8590012184193632
1191,1.9740985862396063
1192,1.627055897550708
1193,1.6908528802752762
1194,1.5445728510835015
1195,1.1942347614318622
1196,1.0841474541234488
1197,1.3489975287781024
1198,1.3575445603020375
1199,1.274430528650576
1200,1.4279915623634123
1201,1.3461216745363178
1202,1.2668048729747223
1203,1.4606083652745223
1204,1.8300837512892256
1205,1.2003247039960128
1206,1.1048008122029591
1207,1.1562442193772902
1208,1.6005389130488767
1209,1.2684470565575547
1210,1.2287704250717733
1211,1.5296700548173319
1212,1.3200379936687936
1213,1.1583715718448895
1214,0.8357678150178129
1215,1.4053353740036205
1216,1.2262665091268086
1217,1.0072297164853241
1218,1.3109178096954124
1219,1.1473366895020316
1220,1.1092908401406913
1221,0.6135162856953698
1222,1.3927459356835605
1223,1.145346507400725
1224,1.0517256560985335
1225,1.2994320915211832
1226,1.1095640920721626
1227,1.2922833364334232
1228,1.514817261623135
1229,1.3728291405738102
1230,1.1204269456189104
1231,1.0553227176576025
1232,0.980845787482137
1233,1.3093351278406775
1234,1.2196860073895386
1235,1.0411968164431804
1236,1.0783229067568283
1237,1.3495647395756118
1238,0.882777932157019
1239,1.127539554053386
1240,1.0249530373469518
1241,0.7218050673755352
1242,0.8563944480780039
1243,0.9741760162380548
1244,1.309843192798219
1245,0.6542894940583757
1246,1.1632609111982237
1247,0.957882279779545
1248,0.8552189280578099
1249,0.8268061240722708
1250,0.8856668026744747
1251,1.2952669031054804
1252,0.8091016600878189
1253,0.6689458886791573
1254,0.9859320706709693
1255,1.2568344693002662
1256,0.958888071094383
1257,1.1304122975928594
1258,4.6060433190917385
1259,5.340913787262755
1260,4.718918978216501
1261,5.556291163998543
1262,5.175986818434628
1263,4.305213989936245
1264,2.919627139022088
1265,4.882493972684893
1266,5.161222990645311
1267,4.37507557066982
1268,4.709887554678554
1269,4.358027078557879
1270,4.330174506987948
1271,2.496876658699493
1272,4.54615300192462
1273,4.665973275122998
1274,4.628282396447455
1275,5.2074578437192445
1276,4.562772403914713
1277,4.9585320866132685
1278,3.265725089447055
1279,5.193423873628653
1280,5.690317401710186
1281,4.148607915675376
1282,4.273315111838195
1283,3.817789395769272
1284,2.7241395948508305
1285,2.5234548272974107
1286,4.553143987909773
1287,6.362966400507195
1288,7.073804717783659
1289,5.488247737016794
1290,6.220543815737407
1291,6.218588878513128
1292,6.617664077495036
1293,4.048320848080039
1294,6.260604853982403
1295,6.030975615028166
1296,4.500578718809339
1297,4.778192742373331
1298,4.885486546159824
1299,5.701219805676692
1300,2.8721548164932154
1301,5.17469504093063
1302,5.295034169362723
1303,4.709299533993088
1304,5.395832065129624
1305,4.845316260166595
1306,6.702519101309381
1307,3.632969192617931
1308,5.441868008513831
1309,6.012418604701495
1310,4.720139441702954
1311,5.241282001774637
1312,5.708298383899473
1313,3.503869306750704
1314,2.5727527394372944
1315,2.751455441435741
1316,5.258637386556074
1317,5.8160103279324105
1318,5.691648149804534
1319,5.954451342655695
1320,5.814947484057183
1321,4.270774840459163
1322,2.9916225873289966
1323,5.2644862808610355
1324,5.5289946065601345
1325,5.218071280069982
1326,5.562727125234682
1327,5.641675236478594
1328,4.535351510802556
1329,5.4681987279043645
1330,5.942168865942594
1331,6.466880324521314
1332,6.8044870380186495
1333,6.906841238965157
1334,6.328129037559799
1335,3.96901958754333
1336,5.53838632552341
1337,6.101848736216835
1338,4.385522840936803
1339,5.255689575076071
1340,3.920033878118498
1341,3.3697415939240107
1342,3.1504543487111487
1343,1.6917876099433968
1344,3.1798551876463783
1345,3.305203421448323
1346,3.0704393324959263
1347,3.216742661749236
1348,3.625175513768232
1349,4.003023272356412
1350,1.889795486797905
1351,3.23695356787412
1352,3.087011549725707
1353,2.6930024072377448
1354,2.5968877626950553
1355,3.0554750772001595
1356,3.6287727485887613
1357,1.6283188078030992
1358,3.551665259048546
1359,3.555609282366194
1360,3.6031422585618063
1361,3.7006716087227414
1362,3.839458766066337
1363,5.363133435128847
1364,3.0843508781097135
1365,2.1496817238539783
1366,2.8907806542466465
1367,3.238104504748571
1368,1.8479023023231878
1369,2.1600680601476405
1370,2.2650644640003446
1371,2.6742943865594455
1372,2.4767579004578675
1373,2.151829646328311
1374,2.384812999557014
1375,2.1174865205105022
1376,1.6993044778835031
1377,0.9438152306938776
1378,2.5136818595625234
1379,2.394221202753816
1380,2.034481892717817
1381,2.0822348208866974
1382,1.8967892941053557
1383,1.5822346798118874
1384,0.6491422799525295
1385,2.588877517231228
1386,2.54500327499654
1387,2.461408810685258
1388,2.6149902352804997
1389,2.246563876507291
1390,2.278568991589376
1391,1.2373332547319882
1392,2.6479127348512352
1393,2.718791960380199
1394,1.7560455658817342
1395,1.9348718381239567
1396,1.5787402241895427
1397,2.264422632926456
1398,2.1624304315948972
1399,1.0310139208675535
1400,2.594156646366149
1401,2.2290429990049323
1402,1.8397332162763314
1403,2.112372621138626
1404,1.8148112877701545
1405,1.9800547077318025
1406,1.1470350810451575
1407,2.377578109181817
1408,2.052655519052838
1409,1.6513658935644386
1410,1.8989418518575332
1411,1.8364942601691405
1412,1.881705827487616
1413,0.8715545532401974
1414,2.446684925280184
1415,2.215503143856398
1416,2.0651736434847283
1417,2.313747650961802
1418,2.1187310666976704
1419,2.6995855172898926
1420,1.5463788958719222
1421,2.469105313806272
1422,2.3275324438488747
1423,1.8134369475991527
1424,1.9852132639807762
1425,2.265644264705571
1426,1.4893234157084296
1427,1.6137732107889917
1428,1.7189334872037958
1429,11.037400478322011
1430,8.671626664213013
1431,7.8708069312732345
1432,8.258945085829069
1433,8.541966390648593
1434,7.724098728715399
1435,6.570278542034446
1436,11.774019856287623
1437,10.644114585789815
1438,10.633626004542535
1439,10.695589999327668
1440,10.851380284102857
1441,10.300191013054897
1442,6.362440833982262
1443,13.633477946083184
1444,12.223053186345153
1445,12.818433470379654
1446,9.619756050889993
1447,9.233303139950868
1448,9.8534574122802
1449,8.796602028384765
1450,13.126738898126378
1451,12.267844442925721
1452,9.595148346819757
1453,10.136633570548042
1454,9.237413743833761
1455,1.6292501258708678
1456,1.2476581224001886
1457,17.472266543949353
1458,20.034866656311195
1459,15.181629169995684
1460,16.96401000305201
1461,26.99239758848758
1462,40.43180242329245
1463,33.840519148280556
1464,13.075614806046378
1465,17.55460980432688
1466,18.548161467709654
1467,20.43962128080792
1468,20.046510431091523
1469,19.29019561204604
1470,17.459659020429292
1471,10.428398836630212
1472,18.796887723174827
1473,18.589083617364853
1474,20.881788097366115
1475,26.780670576241597
1476,26.457076864278587
1477,26.86607898617216
1478,16.600473828822903
1479,14.715950784761281
1480,13.553756891934645
1481,21.572631685230437
1482,27.87505107588791
1483,22.01130153622179
1484,16.781331378346504
1485,1.0540340862746889
1486,1.0400181391895655
1487,2.665813384777668
1488,2.717436869301123
1489,2.4869425293380845
1490,3.462083023740366
1491,4.198869289034584
1492,3.8060395477920004
1493,2.134858674626536
1494,3.113810139604225
1495,3.558832053529917
1496,3.195598011256317
1497,3.973931532078006
1498,4.389981038624737
1499,4.173630710420461
1500,2.1431997822347775
1501,2.3533059275021486
1502,2.6373999726680717
1503,2.560127420603859
1504,2.92812576592307
1505,3.5896628594465754
1506,4.195725418896703
1507,2.698852226763043
1508,2.161489149875119
1509,2.8192699874939593
1510,3.7516297541051413
1511,5.693217577901741
1512,4.54991777472225
1513,1.168415104485192
1514,1.838862271922392
1515,3.869972021710237
1516,3.500104130725677
1517,2.6895379315772936
1518,5.4093334912772875
1519,4.9895285343867295
1520,4.652179817294593
1521,1.4737613170987762
1522,2.9075123621765133
1523,3.2794822035912814
1524,3.024938405010742
1525,5.510663609963925
1526,4.803447294756141
1527,3.4253265361890834
1528,1.2155790749512403
1529,2.6867779463560963
1530,3.0658768588891405
1531,2.9718085341293308
1532,3.5360780364742967
1533,2.653025780386572
1534,2.7713855062144184
1535,1.3098684005400423
1536,0.9988532226615585
1537,5.5507393447339055
1538,6.18083018178668
1539,5.031558085146904
1540,2.9208869783803517
1541,2.894405254206339
1542,3.1498297126658263
1543,2.6660227545140596
1544,3.1047263684484534
1545,2.814494057814889
1546,2.439702526389314
1547,1.2839237562113683
1548,3.1253621532844083
1549,3.457786115238263
1550,2.8246743449625926
1551,2.9782827154744917
1552,2.6207454576359077
1553,2.3220856095671443
1554,2.8168821113923563
1555,2.944189960751762
1556,2.7746276439246027
1557,3.019855628025519
1558,2.4526476685983916
1559,2.6199697403432483
1560,1.304515271783695
1561,3.411151329174729
1562,3.781886254551936
1563,2.5228893368769763
1564,2.482519453316918
1565,1.8937082487923194
1566,2.121449120956621
1567,2.1098573236669873
1568,0.7070166937623341
1569,1.648666307186697
1570,1.4164099219861606
1571,1.218380121167768
1572,1.5491589432292532
1573,1.3637333925028559
1574,1.7848441044931103
1575,1.1266720668798835
1576,1.8027676933721604
1577,1.7726830106772544
1578,1.3209494355589984
1579,1.7317211492599305
1580,1.6329628930205988
1581,2.010050185352268
1582,0.8142674664172662
1583,1.7830159217319381
1584,1.494751739752544
1585,1.4418945585569938
1586,1.7681118922921433
1587,1.6887184297598932
1588,2.2648853473931028
1589,1.1539373472799141
1590,1.5093238673179659
1591,1.441039785647087
1592,1.5329943557166885
1593,1.9162353850709843
1594,1.1866089145057046
1595,0.8652993865372116
1596,0.9547565404453309
1597,3.8485010974020284
1598,5.126186099958948
1599,5.0046032395337265
1600,6.4777962870029615
1601,6.232014466884943
1602,4.843184146448096
1603,2.9388541962930357
1604,4.539039954663075
1605,5.798058468567039
1606,5.335734075576893
1607,5.852184550246584
1608,5.031855496029847
1609,1.9921815873341342
1610,4.174594307509339
1611,5.034727843225496
1612,5.6209536487000005
1613,6.584172350648004
1614,5.960839985804121
1615,4.951792999255386
1616,2.9642987677173744
1617,4.055167279272729
1618,5.072773160644889
1619,4.681946764686537
1620,5.2598422540644725
1621,3.5139262726065885
1622,2.6664488796651513
1623,2.936876404622362
1624,2.121565630169552
1625,3.1098347139318623
1626,3.538736096629669
1627,3.200455188324951
1628,4.488884715878675
1629,4.369277914161856
1630,5.021244209744594
1631,2.291722530441007
1632,3.096288839337018
1633,3.8676363800777622
1634,4.171728682090387
1635,4.439533471708732
1636,1.448221259024145
1637,2.4387873552007684
1638,2.5815838417238184
1639,2.713098058225924
1640,3.35787918230927
1641,3.331818867817038
1642,4.856530715871009
1643,2.162964637371158
1644,2.5689792440772643
1645,3.2829971830095985
1646,2.9349421821393893
1647,4.002563672228084
1648,4.215203143060173
1649,2.574458404532393
1650,0.9164423334278815
1651,1.2647348783951715
1652,14.082206077151287
1653,13.754359693862012
1654,14.077817579141566
1655,13.998551702085978
1656,15.46920346253362
1657,14.033873546231701
1658,11.096807763373501
1659,19.206995792712167
1660,20.7872003943158
1661,21.363333686308195
1662,18.622889251975092
1663,13.98764207080513
1664,13.920407176724954
1665,6.5563259402087555
1666,13.65593733707288
1667,14.630835212414713
1668,16.73813548397998
1669,17.079670761324294
1670,14.69464938615027
1671,15.200395859419883
1672,9.872612465313916
1673,15.440065337381322
1674,17.03494916519943
1675,21.115889845815985
1676,18.236059833946896
1677,15.226846389909454
1678,1.153555966885159
1679,11.967922025390735
1680,12.648049249766101
1681,12.392731644370823
1682,11.122055115142576
1683,13.053545201473707
1684,20.18861390369767
1685,21.682949516911872
1686,9.82915895285663
1687,12.22520645968646
1688,12.820230793118723
1689,14.473489746242352
1690,15.380185226631387
1691,13.544138300880368
1692,16.479227842365326
1693,6.226055296987232
1694,10.029292911279228
1695,10.212842704946366
1696,11.611973340671923
1697,11.920157460864779
1698,12.505625848203724
1699,14.608927492467123
1700,7.843550404814934
1701,7.621461857988945
1702,15.769264864837705
1703,18.83347826818826
1704,20.651499253916537
1705,0.6939701284343562
1706,1.4526641676003553
1707,1.3650766998795594
1708,1.2430164662619796
1709,1.6005443314916108
1710,1.1728750243680812
1711,0.9110295764741996
1712,1.2594795759052122
1713,1.2736571946328619
1714,1.099912279901707
1715,1.3539015379793367
1716,1.1024649708524117
1717,0.9531773992042878
1718,1.2106374542510783
1719,1.197662179795063
1720,1.229325245497861
1721,1.5310540704582725
1722,1.1550403680303645
1723,1.227947531843768
1724,1.2382845500850088
1725,1.3976687141368755
1726,1.1486266877894677
1727,1.0846909767335529
1728,0.9790534694008179
1729,1.4106560204630032
1730,1.1625663441898229
1731,0.6144690606157188
1732,1.041799274983565
1733,0.9700910990732474
1734,0.820174996344504
1735,0.8291000069308987
1736,0.897002363283318
1737,0.9729011498303957
1738,0.6060352056621245
1739,0.9728028593670359
1740,1.0156182178746391
1741,0.7461365832123736
1742,0.7928516285349885
1743,0.9159015396452221
1744,1.246538621601427
1745,1.036296701467061
1746,0.9760832427130011
1747,0.8892945600973531
1748,0.8573935369733142
1749,0.7864370118581275
1750,0.6569258791503398
1751,0.920630714404034
1752,1.224571257146664
1753,0.47207514248100557
1754,0.4485582662541255
1755,2.1805872694936235
1756,2.4837281429011524
1757,1.8226447167099122
1758,2.1681926178641344
1759,1.891127114892345
1760,1.3953868251408603
1761,0.7964944506405489
1762,2.5658355897948075
1763,2.7828472028607876
1764,1.9721993089564887
1765,2.260023780136944
1766,1.8194610870136914
1767,1.6039831892060672
1768,0.690210357841395
1769,2.6170578493276344
1770,2.528768480533473
1771,2.313078855944948
1772,2.42341393057122
1773,1.9824450298982317
1774,1.7532023077224044
1775,1.0825598974034099
1776,2.800123827660784
1777,2.9742629951397634
1778,1.9739468278294403
1779,1.8798424646878296
1780,1.387363363763026
1781,1.7419169106632362
1782,1.604164290960001
1783,1.1251970020293887
1784,1.952026991555147
1785,1.733992889013206
1786,1.384823891340222
1787,1.8190098393487846
1788,1.646867021839082
1789,1.792746168963102
1790,1.0961836352528942
1791,1.7935274933321455
1792,1.6991565531781148
1793,1.2053859931762143
1794,1.4744987462618808
1795,1.419930134583152
1796,1.933875300623138
1797,0.8684065060907167
1798,1.6262664568166856
1799,1.2134602175384033
1800,1.1963789699379934
1801,1.573486526558795
1802,1.6895559383985745
1803,2.202184853422293
1804,1.6203047517629299
1805,1.4878563598816226
1806,1.4632841684821254
1807,1.6574609201599881
1808,2.040508444303475
1809,1.4973022656115043
1810,0.8168207375992265
1811,0.9253750999187318
1812,1.7320594211794087
1813,1.7520336857768948
1814,1.4527406328693084
1815,2.0315961597816634
1816,1.7448283548026704
1817,1.304833147436268
1818,1.8949827655154317
1819,1.7225592394794793
1820,1.3037269474653277
1821,1.7017069186558773
1822,1.4797407618271765
1823,1.3193637374773055
1824,1.8659101560089306
1825,1.8397700776924846
1826,1.627524501120459
1827,2.094376327672698
1828,1.7278888954864584
1829,1.7343773277759262
1830,2.214949204492974
1831,2.2299134265313216
1832,1.6770220201802992
1833,1.5771539553055467
1834,1.3953450029882237
1835,1.213079816911935
1836,0.9492924180432332
1837,0.8478321300242295
1838,1.831690353652637
1839,1.6387804410183766
1840,1.4265658124726328
1841,1.8839776244986601
1842,1.6279429538904102
1843,1.6894541741918832
1844,1.0612452187135548
1845,1.8496046955151413
1846,1.6281827177346941
1847,1.2203877606112452
1848,1.3840501172841453
1849,1.3206680801910138
1850,1.5461811857439005
1851,0.8737416380495158
1852,1.5910882836167963
1853,1.5106022737148548
1854,1.315204079709135
1855,1.7231734487968282
1856,1.8063304157682996
1857,1.1326775932249373
1858,1.6671780456478964
1859,1.5450774330630659
1860,1.506405619769326
1861,1.759784075828978
1862,1.1988104717576933
1863,0.6707010465539209
1864,0.757171111924561
1865,7.974210574559267
1866,9.459175387921444
1867,7.213912472688852
1868,8.336390169009478
1869,7.86247297694791
1870,7.006197974641765
1871,5.298707742405885
1872,8.751445130081184
1873,9.710635652485452
1874,6.751069909936031
1875,7.137195675546295
1876,6.57933444144253
1877,6.1307502686165085
1878,3.756312881835793
1879,7.90792653901328
1880,9.12058907997963
1881,7.331616888644354
1882,8.017467552777983
1883,7.263161549769956
1884,8.079506926346205
1885,5.697140400906989
1886,10.067329367625069
1887,11.951003464248792
1888,7.371416853880035
1889,7.058067298858509
1890,6.7333047033985665
1891,5.063531234361049
1892,4.9067123195197295
1893,4.41351996902408
1894,7.146432330920668
1895,7.824509330763986
1896,5.548255547830366
1897,6.5287073540564355
1898,6.147451341634152
1899,6.843713315452679
1900,4.598514919365831
1901,7.306130295422928
1902,7.0925068737658545
1903,4.7503930633796685
1904,5.0564236454136555
1905,5.199859559120992
1906,5.987140436483305
1907,3.500590171847092
1908,6.691118504989153
1909,6.946185430787771
1910,5.229179109933716
1911,6.105720675284541
1912,5.139972329567287
1913,6.727456642256834
1914,4.106353026471935
1915,6.480989630265318
1916,7.036075440499496
1917,4.8938260866029495
1918,5.18207520826637
1919,6.279508977344633
1920,3.80416445970293
1921,3.440600101242275
1922,3.780321227544281
1923,2.0456564363658605
1924,2.1784164181762917
1925,2.1072956404205874
1926,3.550280924019045
1927,3.3234246940954133
1928,3.486481908132104
1929,2.779285433559962
1930,2.8040626863731895
1931,2.438583842271271
1932,3.396356007349863
1933,3.1515542835390304
1934,4.026330310241199
1935,1.8770329401902548
1936,2.143450542064936
1937,2.375460081507849
1938,2.331201777357768
1939,3.1381489837538883
1940,3.259405298801333
1941,0.6402496159644879
1942,1.841543089239365
1943,3.6662321278002983
1944,3.3050184454224167
1945,2.278075162843557
1946,3.9076266878526846
1947,3.2289071808486822
1948,3.5618631033270525
1949,1.109446967864872
1950,2.807826495514563
1951,3.204518522983707
1952,2.405353325465137
1953,3.489741395435005
1954,3.251490736529713
1955,3.630834752790956
1956,2.8044829055167515
1957,3.1615698544941004
1958,3.754975817710157
1959,4.401050644585457
1960,2.6945400386609797
1961,3.547254019921068
1962,0.8395385315307355
1963,3.100999051939885
1964,3.946208917445176
1965,3.2752854575704333
1966,3.6055998309408865
1967,3.077212897761802
1968,2.65936152157121
1969,1.8519950186931204
1970,3.4521204179548937
1971,3.9026067146213936
1972,3.132371907951205
1973,3.174959969486115
1974,2.940817601307671
1975,2.5821737337058726
1976,1.3181741219858751
1977,2.909081341167599
1978,3.333354986791182
1979,3.4424221889265514
1980,3.6517736107126093
1981,3.2464739022988676
1982,3.387118601482525
1983,2.056073071966852
1984,3.458382279089675
1985,4.439715434340389
1986,2.941383468671547
1987,2.8882935672831223
1988,2.366041609996042
1989,2.3803001415261797
1990,2.1663939260704623
1991,1.015784864387748
1992,1.4428432703954144
1993,1.4461322548766646
1994,1.3845859512044951
1995,1.6993499189823762
1996,1.6404870101863422
1997,1.7246356225404647
1998,1.1945193422272684
1999,1.5416000949931363
2000,1.481018299098778
2001,1.2993551493849456
2002,1.4986461365097465
2003,1.5575618989352398
2004,1.9576465042264237
2005,0.9443321705821186
2006,1.3307390472790246
2007,1.2839183594530383
2008,1.360327912478263
2009,1.6877514235843467
2010,1.7090837879661644
2011,2.265475814129797
2012,1.4099076136411364
2013,1.5737610461853289
2014,1.5108723038172815
2015,1.7098274425274989
2016,2.129866306678198
2017,1.4849557728111584
2018,1.0622862561897386
2019,1.1512818400513245
2020,6.9355221920437895
2021,7.798333607249873
2022,7.092794685079342
2023,7.658394409715617
2024,7.323259001147864
2025,6.054251359918755
2026,3.9665291655219006
2027,6.838691293860579
2028,7.1895037554485715
2029,6.463779695035616
2030,6.662632131220207
2031,6.808360198550829
2032,5.751177460733832
2033,2.826011807809456
2034,5.664984502928541
2035,6.63483069873824
2036,7.117789276822726
2037,7.4190931484291065
2038,7.591295321639848
2039,7.298953176006436
2040,4.274891959831591
2041,6.531255955338687
2042,7.484544590285518
2043,5.494829529092125
2044,6.295857646239304
2045,5.087252884489503
2046,4.2497293068314725
2047,4.022271899027429
2048,3.3831285723730975
2049,5.23749521359057
2050,5.91601554846072
2051,5.593730747440659
2052,5.9954109452226305
2053,5.750834569312997
2054,5.747664250344503
2055,3.2258618520499125
2056,5.379812839127776
2057,5.71503624707856
2058,5.161424648148635
2059,5.14527545873965
2060,5.267563313422084
2061,5.41549336911463
2062,2.6676472720321946
2063,5.050902531000523
2064,5.624785783401574
2065,5.891348667888455
2066,6.0375190680338715
2067,5.762191132197901
2068,6.632727781558518
2069,3.6936329169561137
2070,4.755073109678637
2071,5.394336488970199
2072,3.925273775512511
2073,4.751051047289105
2074,4.877392495059012
2075,2.952982272122231
2076,1.6045499968894852
2077,1.7113539312318835
2078,4.550957534570081
2079,5.042958662567687
2080,3.949682744276079
2081,4.4989103383477405
2082,4.343821933941447
2083,3.8026616857995554
2084,2.706495579875332
2085,4.630963554143877
2086,4.779492108779329
2087,3.741235090488572
2088,3.7161141424159023
2089,3.551022813929392
2090,3.502739341512547
2091,2.128020878380296
2092,3.7619423591491747
2093,4.118660909327519
2094,3.7456707613203135
2095,4.066425682160043
2096,3.6556191833863587
2097,4.231948487734215
2098,3.0019354165801513
2099,4.7249963777397
2100,5.155773029913613
2101,3.5025820038673743
2102,3.6605282966809805
2103,3.3605146277264826
2104,2.9223443856725675
2105,2.755998609710253
2106,4.165265542677081
2107,6.239709294796059
2108,6.934561293241847
2109,5.677507604836623
2110,6.333912215418176
2111,6.58696532006322
2112,7.1286283976167475
2113,4.4062410697809185
2114,6.306348180544916
2115,6.309229592175704
2116,4.979213174725576
2117,5.057531991997813
2118,5.342473033073961
2119,6.3516534367171555
2120,3.423671717626812
2121,5.562424567824666
2122,5.836196573264624
2123,5.512337466958946
2124,5.959627912765069
2125,5.221875470664364
2126,7.337736905999052
2127,4.328349929170548
2128,5.5998748497217194
2129,6.206708294562655
2130,4.921227168905949
2131,5.743962600015865
2132,6.449022176032008
2133,3.91062624548084
2134,2.31044897198582
2135,2.514155530912571
2136,7.621642920141834
2137,8.45893379541851
2138,7.080751003328329
2139,8.371509509001822
2140,8.084423434586872
2141,6.980050276776661
2142,4.441934859156418
2143,7.679225732082108
2144,7.932985625755268
2145,6.5754898734204605
2146,6.999878470509147
2147,6.496053077810801
2148,5.981835533595903
2149,3.306395947539696
2150,6.018510435226602
2151,6.766605718170333
2152,6.581907054082516
2153,7.157633895595903
2154,6.565968093907845
2155,7.180744264687058
2156,4.588193034493527
2157,7.281280953045588
2158,8.04133547556521
2159,5.947870455974847
2160,6.456579643519349
2161,5.455889769965706
2162,4.088085448661289
2163,3.7777037373858464
2164,5.896310671542109
2165,8.050541972652075
2166,9.100756631915445
2167,7.277264546512679
2168,8.601514918580019
2169,9.20183705076876
2170,9.921806774798549
2171,5.090850654831705
2172,7.861298518988017
2173,8.462546114398663
2174,6.3154732301633985
2175,6.96526091368797
2176,7.203483522831487
2177,7.878167614362292
2178,3.6059283864521614
2179,6.461792045130118
2180,7.0856222796183985
2181,6.34230686573252
2182,7.356921197818224
2183,7.171223929640216
2184,9.830193502974154
2185,5.014125269477369
2186,6.7712441034492015
2187,7.958265305380945
2188,6.585997615235368
2189,7.768018925554918
2190,8.391130268895852
2191,4.716990380417164
2192,3.5751812768881654
2193,3.681766837431387
2194,4.065395465038634
2195,4.784029629763121
2196,4.0027016802521835
2197,4.517056442417518
2198,4.3309066617918
2199,3.473255277475701
2200,2.355622062927094
2201,4.301485314250461
2202,4.579485607728178
2203,3.7874209259373526
2204,3.6125148956884603
2205,3.454984245174864
2206,2.8494880438873054
2207,1.6509778322009963
2208,3.4790243943976638
2209,3.8954501123255323
2210,3.689975970953643
2211,3.8276583400383486
2212,3.3690639477595727
2213,3.522364127937491
2214,2.483992644662501
2215,4.517714766455923
2216,4.884535486273984
2217,3.2783290034480617
2218,3.5369244920013063
2219,2.7286520054573287
2220,2.51692162667508
2221,2.1998685511315936
2222,1.8956601223812006
2223,3.0198925504002023
2224,3.2208407254879763
2225,2.7746820165548574
2226,3.1594043217855674
2227,3.19945809742564
2228,3.4973032459057256
2229,2.356211971381026
2230,3.264024516573037
2231,3.1657263893810024
2232,2.390324624673847
2233,2.323477308518318
2234,2.451367674769781
2235,3.069947775635689
2236,1.763321890731301
2237,2.8709304207246897
2238,2.9198876909265254
2239,2.5847172471401447
2240,2.789745538163076
2241,2.3292666865777556
2242,2.26321622718289
2243,3.009279687271153
2244,3.181967951865746
2245,2.537191669318172
2246,2.886438622563825
2247,3.3023677849261412
2248,2.4775097734162523
2249,1.6581363580524369
2250,1.5983453544213102
2251,1.721652389060798
2252,1.8032552941857043
2253,1.6331278901399497
2254,2.1125080669252445
2255,2.1223396841484226
2256,1.9376629930037086
2257,1.4652656064533325
2258,1.8445442650726749
2259,1.818060798655401
2260,1.6184734545432553
2261,1.9371334542484662
2262,2.0542279610345306
2263,1.9210525878445828
2264,1.2519775960033148
2265,1.570235436124034
2266,1.5845182163186582
2267,1.6223775276304517
2268,1.9226531948264094
2269,2.093306054647304
2270,2.396892620905896
2271,1.9212683547654887
2272,1.8019826099917626
2273,1.985368872760125
2274,1.7617944980159983
2275,2.330887035612301
2276,2.1732125926645907
2277,1.5938830920860876
2278,1.3838092343682473
2279,1.0779911240802398
2280,1.7199254361820593
2281,1.7644712215360836
2282,1.5336975000856317
2283,2.0711497505798464
2284,2.133815543991774
2285,2.43345523588516
2286,1.2174343999706378
2287,1.6587756137431136
2288,1.5604571486622554
2289,1.4616316730331547
2290,1.8873123908617888
2291,2.2010094776566307
2292,2.582390252976166
2293,1.2240391382134561
2294,1.7461166453201549
2295,1.6119854237284255
2296,1.7774979395809134
2297,2.0622178368358406
2298,2.188739032537143
2299,1.6744218674529667
2300,2.058437247282339
2301,2.692475009520713
2302,2.9168751637264116
2303,1.9927730360154983
2304,1.4181220072532201
2305,1.3848562564132867
2306,3.014556783115431
2307,3.217423225532392
2308,2.6783443725471803
2309,2.9399222706520574
2310,2.748256336383112
2311,2.3210716601668295
2312,1.4126979665836492
2313,3.1028708356195915
2314,3.0774387426584537
2315,2.487932173285263
2316,2.403905208891928
2317,2.171156198909498
2318,1.9171267833116516
2319,0.9928042264560011
2320,2.358284784791881
2321,2.47409347079837
2322,2.358342857756245
2323,2.337453254604845
2324,2.0413668275194023
2325,2.142040606643592
2326,1.2563206530039168
2327,2.800889072972449
2328,3.0008976484454273
2329,1.7982217271858842
2330,2.1138284966685013
2331,1.803560410457424
2332,2.2451336948627336
2333,1.7594894910736967
2334,1.1981953200800244
2335,2.489768572776982
2336,2.354892105688466
2337,1.9644630757115054
2338,2.1683113563758933
2339,2.3551353787509095
2340,2.525657105656986
2341,1.2519728561049939
2342,2.305175620209652
2343,2.2334846470070224
2344,1.6259328467820668
2345,1.6163440593069476
2346,1.7222477630247885
2347,2.041013182325752
2348,0.8816587184889635
2349,1.8070711711282454
2350,1.800335961880951
2351,1.4910256360090692
2352,1.6472166749796733
2353,1.600055130924415
2354,2.4276950796704218
2355,1.2288323113752382
2356,2.0109394970207766
2357,2.1296734421779653
2358,1.6493779745496147
2359,1.929420363914231
2360,2.347346144882684
2361,1.357018857593232
2362,1.2794409594697185
2363,1.3486902275749864
2364,2.1082009831554545
2365,1.7592071291029066
2366,1.5552433759730202
2367,1.8024593790796195
2368,1.803069170866634
2369,1.7815321731587748
2370,1.1757823411908546
2371,2.0912223718256318
2372,1.9989987488373435
2373,1.807705127800841
2374,2.3227514688235185
2375,2.210522845232566
2376,1.8893311165131266
2377,0.9769328300753453
2378,2.025421317401899
2379,1.8849921790648385
2380,2.0469023964779174
2381,2.0424868804544305
2382,2.106035480162129
2383,2.0592012990922095
2384,1.4522997756333935
2385,2.2364698384458714
2386,2.1988403699906804
2387,1.6191324328898653
2388,2.0094124831281714
2389,1.6043028995750999
2390,1.779435261694534
2391,1.5732846248703396
2392,1.1352524940592095
2393,1.3682984650797492
2394,1.0441871099474396
2395,1.0187872618374358
2396,1.135326389592461
2397,1.1530116580939063
2398,1.6675501598715567
2399,0.9490206305930711
2400,1.1080235189960574
2401,1.1490365827088969
2402,0.9399448400518018
2403,1.1426307639665212
2404,1.3655351383063827
2405,1.878614866670258
2406,0.8301860166724611
2407,1.1047038402220237
2408,0.9443762235107276
2409,1.0964418928299535
2410,1.103521901923468
2411,1.4321531572961514
2412,1.2647561221245653
2413,1.0451010422960834
2414,0.9457992468854326
2415,1.5098408565461927
2416,2.0316964453724164
2417,1.37184983150593
2418,0.4477960957153484
2419,0.5089405840645005
2420,4.569068555730171
2421,5.138924334481885
2422,4.00349149596079
2423,4.330654105638866
2424,4.319076637918712
2425,3.2117691394065684
2426,2.0637714458729772
2427,4.300429854767534
2428,4.521417914951551
2429,3.544602118436477
2430,3.4303291654402157
2431,3.4092842972734587
2432,2.680429214442061
2433,1.5068852052362343
2434,3.413664017635459
2435,3.827037918642378
2436,3.563111737552025
2437,3.841282555837554
2438,3.4844114765760543
2439,3.4876147594414264
2440,2.314044329978731
2441,4.3034314133883536
2442,4.767627551798006
2443,3.104887976350528
2444,3.400540304223953
2445,2.549163018777852
2446,2.7836403606452302
2447,2.5620092168410493
2448,4.131329435849134
2449,6.411147549500524
2450,7.137648712778098
2451,5.561902252265187
2452,6.3791461685437865
2453,6.555782436864582
2454,7.369915817461278
2455,3.7469474773618554
2456,6.198147771000167
2457,6.336883581814089
2458,4.4990354854714765
2459,4.664504268194688
2460,5.049840481656026
2461,5.975419539536897
2462,2.777445240342455
2463,5.1229641663184795
2464,5.466146986591279
2465,4.684950865991343
2466,5.298236759761538
2467,4.922080225345549
2468,7.223994113726384
2469,3.5877410710574615
2470,5.283049424786974
2471,4.470273913015802
2472,5.31755162699369
2473,6.457663471770886
2474,3.5066294121336288
2475,2.4430964073576438
2476,2.6160510179445025
2477,2.9928542434270313
2478,3.5502448797449757
2479,2.99355922987981
2480,3.695659640799457
2481,3.5177071437563283
2482,3.028889104858483
2483,2.2683669732006275
2484,3.049653343767143
2485,3.2347318017029867
2486,2.7032540469286293
2487,3.249748311868589
2488,3.3186740752769435
2489,2.925277675338696
2490,1.8954459127727552
2491,2.594156289512913
2492,2.852316416829711
2493,2.9584019822374445
2494,3.65823004604639
2495,3.649405652134484
2496,4.10041342968383
2497,3.132994987268156
2498,2.9312805777903908
2499,3.477223706114641
2500,2.7784072223954257
2501,3.6371341753106776
2502,3.0712144830439145
2503,2.0339478160068993
2504,1.6651871698372145
2505,1.3870492043807374
2506,1.5751471836707163
2507,1.3866128533094577
2508,1.1167354685554742
2509,1.4349945271175497
2510,1.5459206338614302
2511,1.8950253364842449
2512,1.2000551874168837
2513,1.3891337664584937
2514,1.3116215912758324
2515,1.0121433171250365
2516,1.1191044663436474
2517,1.3098815072299086
2518,1.9140564504359334
2519,1.0005956559879596
2520,1.2061447400327072
2521,1.077807641467821
2522,1.1981943261864407
2523,1.513089348179353
2524,1.6730110291421154
2525,1.017834525240227
2526,3.5399954083011167
2527,3.814384596359858
2528,2.7685345650086663
2529,3.679292631799645
2530,2.747088368795873
2531,2.6954397224071585
2532,3.845525606121959
2533,3.597831096044671
2534,2.9207683594399927
2535,2.8018892611566883
2536,3.1974546071322214
2537,3.635332848128824
2538,3.9106622665461286
2539,3.943878556560656
2540,3.3239336987447086
2541,3.0849702989813377
2542,3.5075631418561457
2543,6.872040510571981
2544,4.809541360645425
2545,3.9056381219282796
2546,2.190712347420866
2547,2.23441679149186
2548,3.0888735180340436
2549,3.916001418217011
2550,2.763485187706811
2551,5.628957504783308
2552,7.845963919260992
2553,8.700531170199078
2554,6.166772991864863
2555,9.811887370406394
2556,7.5753200179609195
2557,7.6449667260059435
2558,4.752388127048397
2559,6.650006594768897
2560,5.446489301686924
2561,4.2247928691349665
2562,6.069224248471624
2563,7.647644464824449
2564,8.457487426444121
2565,4.1552768342099995
2566,8.888394273261358
2567,8.676745737965113
2568,5.589512022025379
2569,6.805073601012161
2570,9.996624225934369
2571,4.76024047647566
2572,4.924150105705778
2573,4.691657548965852
2574,7.918148294073161
2575,4.165777261383006
2576,6.6515623264267925
2577,4.241622445236223
2578,2.0399202631346003
2579,3.589909254322028
2580,7.866022664068579
2581,6.512400167054851
2582,5.974075064295459
2583,4.914622177007343
2584,3.8988322593959683
2585,6.726882170119022
2586,3.6532588173974734
2587,4.946733796811793
2588,2.1001069877105714
2589,1.1767097172856706
2590,0.8763837859530657
2591,1.1453532955637646
2592,3.0447487272687086
2593,3.114441793395428
2594,2.2214843780496354
2595,2.225998026309565
2596,1.9927080315433607
2597,1.8288789836883192
2598,2.249298814831985
2599,2.6509329775692008
2600,1.9683758758462502
2601,2.4480217635819304
2602,2.0840175380949875
2603,1.5929696983016988
2604,1.0116747226743295
2605,2.1561080590352035
2606,2.614411449942692
2607,2.637606094490709
2608,2.7128367560010083
2609,2.523147824374751
2610,2.5137066918766307
2611,2.6587803079801215
2612,1.4677892032486919
2613,1.740962809703861
2614,1.3082231889302642
2615,0.9883954770643772
2616,0.761195681507322
2617,2.810429839841546
2618,5.578413038615294
2619,6.475536393306986
2620,4.110802966110416
2621,5.13429206424568
2622,5.150360785002475
2623,6.115446349466731
2624,2.783477373187576
2625,4.837972000364733
2626,6.0600709354003754
2627,4.08595805992905
2628,5.031359057376134
2629,5.251217013127371
2630,5.418959481028785
2631,2.5045904088737245
2632,4.6676591873890505
2633,6.052502267243935
2634,4.99654341893559
2635,4.950112908773272
2636,4.698821701044154
2637,5.934873077530084
2638,2.8258975407568343
2639,4.594341095048864
2640,3.533226509205857
2641,4.2866475664579164
2642,4.126833817248718
2643,2.189289186366069
2644,3.4884562277187596
2645,3.5890507427109393
2646,0.9924621889117757
2647,0.9626018537455268
2648,0.722414886046056
2649,0.5388531040130531
2650,0.33530090132793017
2651,0.9114056849300733
2652,1.3528812904239444
2653,1.0610714486029567
2654,1.9084275683151692
2655,1.4956442904416756
2656,0.7265826944509901
2657,0.2515738211615081
2658,0.5523992830746545
2659,0.7901927956846901
2660,0.6574582296307048
2661,0.7848492898558734
2662,0.46178524037352786
2663,0.13604733855156076
2664,0.059370045824604666
2665,0.3197965137187629
2666,0.680900170160535
2667,0.6980569979361408
2668,0.7757702272418179
2669,0.21838698747235472
2670,1.3043090694679114
2671,1.1725817807693293
2672,2.8625866347954796
2673,9.052472607896402
2674,15.015747010779318
2675,8.023976080048808
2676,7.12785415624988
2677,5.112335421958956
2678,4.902439070721527
2679,1.9897311287131836
2680,10.058457655391564
2681,19.089563176706754
2682,6.061589032867319
2683,5.370006046398154
2684,4.965810630645665
2685,3.191452246198673
2686,0.9623928616206472
2687,7.752294697835744
2688,20.388741238043554
2689,9.39439712960706
2690,8.464137667201811
2691,6.578462737413716
2692,7.205163832046515
2693,3.2131380585707157
2694,7.13283157545855
2695,5.455281858254885
2696,0.9257192287558467
2697,1.4095199201980089
2698,2.4635695821824766
2699,2.853086212942993
2700,1.956347426616289
2701,2.516938106115308
2702,2.4589926986648756
2703,1.8728767509219155
2704,1.605869673976415
2705,2.194630016272721
2706,2.429428024573789
2707,1.7261499214975027
2708,2.331087290809302
2709,2.244166533187581
2710,0.925664134656313
2711,1.6830413407571632
2712,1.7756171960708373
2713,1.7356086843646994
2714,2.5232572042055663
2715,2.65785254191779
2716,2.3817442617085334
2717,2.5704924435443584
2718,2.5388238178299027
2719,2.076178522767172
2720,2.4626885931679747
2721,1.944024999068176
2722,1.6295853777439255
2723,1.1901210813944894
2724,1.2916671417956822
2725,1.3590430226492325
2726,1.4071039469568865
2727,0.976110607628041
2728,1.377943315439206
2729,1.535957339463149
2730,1.8201867033319132
2731,1.3103379536045043
2732,1.1138551244047874
2733,1.309406398504915
2734,0.9681624488835139
2735,1.1650668473509667
2736,1.1963933274217449
2737,1.3550695031925257
2738,0.6845066150666987
2739,0.7333912110156151
2740,0.7879419521177697
2741,0.8418131459563936
2742,1.1967211128403916
2743,1.0548950766675653
2744,1.6694710918268005
2745,1.042340232467461
2746,0.7361985945353035
2747,0.8324213095507362
2748,1.0693946906418734
2749,1.434260622299767
2750,0.9453639429194478
2751,1.000653134782345
2752,0.8269565013182785
